BIC,Likelihood
7702328.876313916,-48.24391012896737
-1027141.8216123786,6.443880601240774
-2127631.968725416,13.342419707065893
